latitude,longitude,significant_hit_count,geo_location_name,environment_biome
-70,-100.241,0,,
-69.687,-102.018,0,,
-69.607,-102.988,0,,
-69.001,-103.001,0,,
-68.501,-103.027,0,,
-68,-103,0,,
-66.997,-102.998,1,,
-66.762,144.334,0,,
-65.537,140.723,0,,
-65.004,-102.999,0,,
-64.77,-64.05,14,Antarctica,
-64.501,-103,0,,
-63,-103,0,,
-62.223,-49.214,2,,marine biome (ENVO:00000447)
-62.038,-49.529,0,,marine biome (ENVO:00000447)
-62,-102.99,0,,
-61.969,-49.502,1465,,marine biome (ENVO:00000447)
-61,-103,0,,
-60.229,-60.648,2,,marine biome (ENVO:00000447)
-58,-65,0,Antarctica,Ocean
-56.695,141.869,0,,
-55.986,-103,0,,
-55.002,-102.999,0,,
-54.016,-103,0,,
-51.5,-103,0,,
-50.5,-103,0,,
-49.548,-52.688,2,,ocean_biome
-49,-102.998,0,,
-48.936,-48.793,2,,ocean_biome
-48.249,145.805,0,,
-48.198,-52.692,2,,
-47.999,-103,0,,
-47.565,-51.774,0,,
-47.201,-57.945,0,,marine biome (ENVO:00000447)
-47.186,-58.29,0,,marine biome (ENVO:00000447)
-47,-103,0,,
-46.907,-47.179,54,,ocean_biome
-46.018,-49.872,2,,
-46,-103.001,0,,
-45.744,170.771,2,,ENVO:00000447 for marine biome
-45.297,-48.896,0,,
-44.712,-45.526,18,,ocean_biome
-44.5,-103,0,,
-43.057,147.298,0,,
-43,-103,0,,
-42.597,148.233,381,Australia:Maria Island,
-42.59,148.23,0,Australia,aquatic
-42.364,-44.032,16,,ocean_biome
-42.304,148.505,0,Australia:Tasman Sea,
-42.292,148.817,0,Australia:Tasman Sea,
-42.288,156.479,1,Australia:Tasman Sea,
-42.284,148.708,0,Australia:Tasman Sea,
-42.282,148.6,3,Australia:Tasman Sea,
-42,-103,0,,
-40.999,-102.998,0,,
-40.063,5.527,5,,ocean_biome
-40.019,0.888,0,,ocean_biome
-40,-103.001,0,,
-39.965,-42.423,22,,ocean_biome
-39.256,7.725,0,,ocean_biome
-39.21,-41.475,3,,
-38.803,2.244,0,,
-38.425,10.089,0,,ocean_biome
-38.297,144.647,0,,
-38.175,144.438,0,,
-38.17,148.42,0,Australia,marine biome ENVO:00000447
-38.165,144.41,0,,
-38.095,1.959,1,,
-38,-103,0,,
-37.931,144.856,0,,
-37.83,-41.125,93,,ocean_biome
-37.266,135.596,9,Australia:Great Australian Bight,
-37.266,135.597,0,Australia:Great Australian Bight,
-37.012,-38.835,0,,
-36.998,153.998,1,Australia:Tasman Sea - shelf,
-36.998,153.999,6,Australia:Tasman Sea - shelf,
-36.986,153.886,3,Australia:Tasman Sea - shelf,
-36.888,152.548,450,Australia:Tasman Sea - shelf,
-36.884,152.553,402,Australia:Tasman Sea - shelf,
-36.882,152.558,659,Australia:Tasman Sea - shelf,
-36.88,152.562,739,Australia:Tasman Sea - shelf,
-36.879,152.567,415,Australia:Tasman Sea - shelf,
-36.485,13.276,0,,ocean_biome
-36.463,12.413,0,,
-36.45,13.22,2,,ocean_biome
-36.449,136.085,4,Australia:Great Australian Bight,
-36.293,174.819,0,,"ocean, this term applies to plant growth forms."
-36.256,150.291,21,Australia:Tasman Sea - shelf,
-36.255,150.291,27,Australia:Tasman Sea - shelf,
-36.251,153.263,14,Australia:Tasman Sea - shelf,
-36.251,154.249,52,Australia:Tasman Sea - shelf,
-36.25,153.262,4,Australia:Tasman Sea - shelf,
-36.247,151.928,4,Australia:Tasman Sea - shelf,
-36.229,151.266,0,Australia:Tasman Sea - shelf,
-36.227,151.267,29,Australia:Tasman Sea - shelf,
-36.167,-37.866,0,,
-36,-103,0,,
-35.841,136.452,0,Australia:Great Australian Bight,
-35.841,136.453,5,Australia:Great Australian Bight,
-35.832,136.447,95,Australia:Kangaroo Island,
-35.791,132.676,0,Australia:Great Australian Bight,
-35.5,0.997,0,,
-35.367,14.906,20,,ocean_biome
-35.327,142.822,0,,
-35.242,26.305,96,,marine biome (ENVO:00000447)
-35.236,131.071,2,Australia:Great Australian Bight,
-35.223,130.691,0,Australia:Great Australian Bight,
-35.223,130.692,0,Australia:Great Australian Bight,
-35.189,26.29,729,,marine biome (ENVO:00000447)
-35.173,26.287,94,,marine biome (ENVO:00000447)
-35.164,1.001,0,,
-35.048,134.09,0,Australia:Great Australian Bight,
-35.009,-39.431,59,,ocean_biome
-34.985,152.255,12,Australia:Tasman Sea - shelf,
-34.982,152.253,10,Australia:Tasman Sea - shelf,
-34.945,17.919,37,,marine biome (ENVO:00000447)
-34.895,16.077,1,,ocean_biome
-34.89,18.046,35,,marine biome (ENVO:00000447)
-34.676,-54.275,0,,costal lagoon periodically connected to the Atlantic Ocean
-34.629,17.07,3,,ocean_biome
-34.502,-103,0,,
-34.42,-54.16,0,,ENVO:00000447
-34.37,-54.16,0,,costal lagoon periodicay coneccted to the Atlantic Ocean
-34.357,18.411,0,,
-34.28,132.585,0,Australia:Great Australian Bight,
-34.279,132.584,3,Australia:Great Australian Bight,
-34.215,22.675,0,,
-34.119,151.227,602,Australia:Port Hacking Bay,
-34.073,151.153,47,Australia: NSW,
-34.061,-73.107,0,,marine biome (ENVO:00000447)
-34.05,150.98,32,Australia,Groundwater
-34.008,151.24,0,,
-34.007,151.24,0,,
-33.999,151.248,0,,
-33.991,151.232,33,Australia: NSW,
-33.912,-73.054,1,,marine biome (ENVO:00000447)
-33.897,18.387,0,,ENVO:0000047
-33.873,151.189,0,"Australia: NSW, Sydney Harbour",aquatic biome
-33.859,151.219,0,,
-33.851,151.267,0,,
-33.847,151.198,85,Australia: NSW,
-33.844,151.173,0,"Australia: NSW, Sydney Harbour",aquatic biome
-33.832,151.08,0,"Australia: NSW, Sydney Harbour",aquatic biome
-33.83,151.07,0,,
-33.829,-35.266,0,,
-33.825,151.263,100,Australia: NSW,
-33.791,151.219,2,"Australia: NSW, Sydney Harbour",aquatic biome
-33.754,151.196,2,"Australia: NSW, Sydney Harbour",aquatic biome
-33.732,19.413,0,South Africa,pond
-33.72,30.104,0,,
-33.555,130.671,8,Australia:Great Australian Bight,
-33.554,130.671,0,Australia:Great Australian Bight,
-33.46,151.508,0,,
-33.055,130.653,0,Australia:Great Australian Bight,
-33.055,130.654,1,Australia:Great Australian Bight,
-33.003,152.908,4,Australia:Tasman Sea - shelf,
-33,-103,0,,
-33,1.001,0,,
-32.997,152.916,118,Australia:Tasman Sea - shelf,
-32.796,153.799,14,Australia:East Australian Current,
-32.786,153.785,14,Australia:East Australian Current,
-32.722,153.221,56,Australia:Tasman Sea,
-32.71,18.13,71,,marine
-32.69,18.49,0,,marine
-32.601,153.354,63,Australia:Tasman Sea,
-32.6,153.042,172,Australia:Tasman Sea,
-32.6,153.127,62,Australia:Tasman Sea,
-32.596,153.218,5,Australia:Tasman Sea,
-32.594,153.22,6,Australia:Tasman Sea,
-32.57,18.37,0,,marine
-32.515,-164.981,224,,ocean_biome
-32.513,-158.028,251,,ocean_biome
-32.51,-160.008,0,,ocean_biome
-32.509,-162.009,1,,ocean_biome
-32.506,-162.994,0,,ocean_biome
-32.504,-163.99,1,,ocean_biome
-32.504,-156.011,4,,ocean_biome
-32.501,-153.998,28,,ocean_biome
-32.5,-179.303,36,,ocean_biome
-32.5,-176,62,,ocean_biome
-32.5,-172,1,,ocean_biome
-32.5,-170,40,,ocean_biome
-32.499,-169.002,3,,ocean_biome
-32.499,-154.999,5,,ocean_biome
-32.498,-165.999,1,,ocean_biome
-32.498,-160.993,0,,ocean_biome
-32.497,-170.995,0,,ocean_biome
-32.497,-167.002,7,,ocean_biome
-32.496,-164.992,58,,ocean_biome
-32.496,-151.001,0,,ocean_biome
-32.495,-168.002,2,,ocean_biome
-32.495,-157.994,89,,ocean_biome
-32.495,-154.004,206,,ocean_biome
-32.494,-169.995,24,,ocean_biome
-32.494,-157.009,3,,ocean_biome
-32.494,-153.006,0,,ocean_biome
-32.489,-152,2,,ocean_biome
-32.487,-169.991,118,,ocean_biome
-32.477,154.48,10,Australia:Tasman Sea - shelf,
-32.476,153.164,8,Australia:Tasman Sea - shelf,
-32.475,153.166,3,Australia:Tasman Sea - shelf,
-32.474,154.102,0,Australia:Tasman Sea - shelf,
-32.473,153.223,44,Australia:Tasman Sea,
-32.472,153.169,203,Australia:Tasman Sea - shelf,
-32.472,154.103,75,Australia:Tasman Sea - shelf,
-32.466,153.398,60,Australia:Tasman Sea - shelf,
-32.465,153.395,0,Australia:Tasman Sea - shelf,
-32.465,153.396,1,Australia:Tasman Sea - shelf,
-32.465,153.704,168,Australia:Tasman Sea - shelf,
-32.464,-159.019,1,,ocean_biome
-32.434,153.171,128,Australia:Tasman Sea,
-32.415,36.601,0,,
-32.39,18.4,0,,marine
-32.375,-33.675,1,,
-32.299,152.795,14,Australia:Tasman Sea - shelf,
-32.299,154.389,17,Australia:Tasman Sea - Cold core eddy,
-32.295,153.115,0,Australia:Tasman Sea,
-32.294,153.452,49,Australia:Tasman Sea - Cold core eddy,
-32.293,153.618,30,Australia:Tasman Sea - Cold core eddy,
-32.293,153.834,14,Australia:Tasman Sea - Cold core eddy,
-32.24,17.71,3,,marine biome (ENVO:00000447)
-32.092,-37.456,67,,ocean_biome
-32,-103,0,,
-32,115.417,133,Australia:Rottnest Island NRS,
-31.917,13.546,0,,
-31.844,153.317,0,Australia:Tasman Sea - shelf,
-31.842,153.317,11,Australia:Tasman Sea - shelf,
-31.836,153.318,172,Australia:Tasman Sea - shelf,
-31.6,178,5,,ocean_biome
-31.508,153.327,6,Australia:Tasman Sea - shelf,
-31.504,153.328,17,Australia:Tasman Sea - shelf,
-31.496,153.329,11,Australia:Tasman Sea - shelf,
-31.242,155.39,21,Australia:Tasman Sea - shelf,
-31.116,-0.392,0,,
-31.034,110.455,0,,
-31.027,4.665,25,,marine biome (ENVO:00000447)
-31.027,4.68,29,,marine biome (ENVO:00000447)
-31.02,4.668,1101,,marine biome (ENVO:00000447)
-30.914,40.424,0,,
-30.848,109.388,0,,
-30.814,153.444,5,Australia:Tasman Sea - shelf,
-30.813,153.445,3,Australia:Tasman Sea - shelf,
-30.697,108.524,0,,
-30.636,153.622,3,Australia:Tasman Sea - shelf,
-30.633,153.624,4,Australia:Tasman Sea - shelf,
-30.62,153.372,5,Australia:Tasman Sea,
-30.617,153.374,4,Australia:Tasman Sea,
-30.539,107.653,0,,
-30.5,-103,0,,
-30.498,9.044,0,,
-30.394,154.082,25,Australia:East Australia Current,
-30.33,154.091,6,Australia:East Australia Current,
-30.207,105.721,0,,
-30.148,-43.27,131,,marine biome (ENVO:00000447)
-30.147,-43.292,1094,,marine biome (ENVO:00000447)
-30.137,-43.29,1,,marine biome (ENVO:00000447)
-30.054,153.652,2,Australia:East Australian Current,
-30.046,153.649,5,Australia:East Australian Current,
-30.02,-2.094,0,,
-30.012,41.642,0,,
-30.006,-31.15,0,,
-30.001,49.246,1,,
-30.001,51.209,2,,
-30,43.652,0,,
-30,46.402,1,,
-30,47.373,1,,
-30,51.83,0,,
-30,154.003,0,,ocean_biome
-30,156,5,,ocean_biome
-30,159,1,,ocean_biome
-30,162.998,5,,ocean_biome
-30,167,7,,ocean_biome
-30,170.877,0,,ocean_biome
-30,174,9,,ocean_biome
-30,175.947,2,,ocean_biome
-29.998,153.5,0,,ocean_biome
-29.997,40.008,1,,
-29.933,154.031,19,Australia:East Australia Current,
-29.903,54.5,4,,
-29.864,103.767,0,,
-29.784,154.102,12,Australia:East Australia Current,
-29.724,-101.16,1,,marine biome (ENVO:00000447)
-29.694,154.159,44,Australia:East Australia Current,
-29.655,154.183,55,Australia:East Australia Current,
-29.613,-2.722,0,,
-29.533,37.912,95,,marine biome (ENVO:00000447)
-29.515,101.785,0,,
-29.505,37.96,1357,,marine biome (ENVO:00000447)
-29.502,37.989,48,,marine biome (ENVO:00000447)
-29.499,54.577,0,,
-29.496,54.499,1,,
-29.399,153.483,0,,
-29.398,-3.053,0,,
-29.365,43.232,0,,
-29.359,154.19,3,Australia:East Australia Current,
-29.335,100.763,0,,
-29.178,99.878,0,,
-29.164,154.476,12,Australia:Tasman Sea - shelf,
-29.162,154.477,206,Australia:Tasman Sea - shelf,
-29.138,154.314,68,Australia:East Australia Current,
-29.096,-103.006,0,,
-29.054,-35.808,25,,ocean_biome
-28.957,54.499,0,,
-28.86,98.06,0,,
-28.701,97.179,1,,
-28.538,96.263,0,,
-28.324,54.496,0,,
-28.002,155.034,100,Australia:Tasman Sea - shelf,
-28.002,155.035,1,Australia:Tasman Sea - shelf,
-27.953,54.496,2,,
-27.923,155.142,439,Australia:Tasman Sea - shelf,
-27.923,155.143,729,Australia:Tasman Sea - shelf,
-27.923,155.144,309,Australia:Tasman Sea - shelf,
-27.712,153.31,607,Australia,Estuarine
-27.711,95,0,,
-27.705,153.236,231,Australia,Estuarine
-27.701,153.323,639,Australia,Estuarine
-27.698,153.25,904,Australia,Estuarine
-27.492,-5.955,0,,
-27.411,-28.411,0,,
-27.345,153.562,127,Australia:North Stradbroke Island,
-27.344,153.197,0,,
-27.325,95,0,,
-27.001,-101.5,0,,
-26.985,153.879,6,Australia:Tasman Sea,
-26.982,153.881,6,Australia:Tasman Sea,
-26.816,2.847,0,,
-26.686,153.204,420,Australia,Estuarine
-26.669,54.488,0,,
-26.669,54.489,1,,
-26.655,-27.655,0,,
-26.64,153.08,52,Australia,Estuarine
-26.636,153.059,363,Australia,Estuarine
-26.578,153.019,371,Australia,Estuarine
-26.578,153.066,427,Australia,Estuarine
-26.563,153.974,35,Australia,Estuarine
-26.395,153.06,120,Australia,Estuarine
-26.375,153.04,585,Australia,Estuarine
-26.336,153.035,56,Australia,Estuarine
-26.318,152.996,1195,Australia,Estuarine
-26.249,155.616,0,,
-26.248,-103.961,1,Pacific Ocean,marine biome (ENVO:00000447)
-26.191,153.011,274,Australia,Estuarine
-26.087,-34.258,59,,ocean_biome
-26.063,54.502,4,,
-26.037,50.13,0,,
-26.014,-67.03,0,Argentina,Montane grasslands and shrublands
-26.012,54.5,0,,
-26.01,12.573,3,Namibia,temperate marine upwelling biome
-26.009,-67.043,0,Argentina,small lake biome
-26,-101.5,0,,
-25.99,95,0,,
-25.905,95,0,,
-25.826,-111.729,118,,marine biome (ENVO:00000447)
-25.808,-111.691,1273,,marine biome (ENVO:00000447)
-25.805,-111.72,6,,marine biome (ENVO:00000447)
-25.659,54.504,1,,
-25.631,95,0,,
-25.611,-67.672,0,,
-25.582,54.504,0,,
-25.514,-67.577,1,Argentina,Puna
-25.5,13.45,0,Namibia,temperate marine upwelling biome
-25.335,95,0,,
-25.33,54.505,0,,
-25.08,-9.558,0,,
-25.001,-101.501,0,,
-24.996,54.5,5,,
-24.976,159.07,0,,
-24.965,95,1,,
-24.947,54.512,0,,
-24.906,-25.903,0,,
-24.732,95,1,,
-24.661,54.502,0,,
-24.552,153.631,3,Australia:Coral Sea,
-24.551,153.631,19,Australia:Coral Sea,
-24.526,-68.205,5,Argentina,Xeric basin biome
-24.464,95,0,,
-24.334,54.519,0,,
-24.291,0.419,0,,
-24.137,95,0,,
-24.055,14.269,0,Namibia,temperate marine upwelling biome
-24.054,54.512,2,,
-24,-25,0,,
-23.962,-103,1,,
-23.946,-10.925,0,,
-23.9,-103,0,,
-23.88,95,0,,
-23.73,-68.247,0,Chile,Xeric basin biome
-23.692,162.533,0,,
-23.656,54.515,2,,
-23.656,54.516,8,,
-23.651,-46.621,8,Brazil,Small lake biome
-23.5,-103,0,,
-23.454,151.886,0,,
-23.442,151.913,0,Australia,coral reef
-23.353,-11.57,0,,
-23.333,54.502,1,,
-23.281,-129.395,4,,marine biome (ENVO:00000447)
-23.232,52.313,0,,
-23.223,-129.599,1504,,marine biome (ENVO:00000447)
-23.219,-129.5,26,,marine biome (ENVO:00000447)
-23.138,-68.247,0,Chile,Small lake biome
-23.136,167.083,0,Australia:Tasman Sea - shelf,
-23.016,95,0,,
-23,-103,0,,
-22.993,54.503,0,,
-22.917,54.503,2,,
-22.712,167.308,0,,
-22.707,167.295,0,,
-22.473,-32.749,24,,ocean_biome
-22.453,95,0,,
-22.398,166.96,0,,
-22.38,113.78,234,Australia,aquatic
-22.337,40.341,8,,marine biome (ENVO:00000447)
-22.015,54.506,2,,
-22,-103,0,,
-21.995,54.52,1,,
-21.963,159.642,10,Australia:Tasman Sea - shelf,
-21.88,95,0,,
-21.499,54.317,0,,
-21.468,-1.79,0,,
-21.22,163.168,0,Australia:Tasman Sea - shelf,
-21.205,54.43,1,,
-21.2,-159.814,0,,
-21.146,-104.787,0,,marine biome (ENVO:00000447)
-21.144,171.295,6,Australia:Tasman Sea - shelf,
-21.029,-35.35,230,,marine biome (ENVO:00000447)
-21.001,54.509,2,,
-21,-103,0,,
-20.998,-14.111,0,,
-20.935,-35.18,0,,marine biome (ENVO:00000447)
-20.932,-35.179,1290,,marine biome (ENVO:00000447)
-20.828,-14.298,0,,
-20.763,95,0,,
-20.708,-163.108,0,,
-20.505,54.516,0,,
-20.409,-3.176,11,,marine biome (ENVO:00000447)
-20.408,-3.164,807,,marine biome (ENVO:00000447)
-20.38,-25.059,0,,
-20.096,-70.8,0,Pacific Ocean,marine biome (ENVO:00000447)
-20.082,-70.8,1,Pacific Ocean,marine biome (ENVO:00000447)
-20.007,160.892,41,Australia:Tasman Sea - shelf,
-19.997,54.497,2,,
-19.49,54.671,0,,
-19.308,147.618,17,Australia:Yongala NRS,
-19.264,-177.972,0,,
-19.154,146.643,286,Australia: Queensland: Magnetic Island:Geoffrey Bay,
-19.083,95,0,,
-19.065,148.978,9,Australia:Coral Sea,
-19.056,148.976,7,Australia:Coral Sea,
-19.051,178.158,0,,
-19.004,54.829,0,,
-19,-103.002,0,,
-18.86,54.875,1,,
-18.483,-173.991,0,,
-18.339,-25.087,0,,
-18.233,95,0,,
-18.122,54.999,1,,
-18.019,55.006,2,,
-17.999,-103,0,,
-17.991,-154.279,0,,
-17.963,95,0,,
-17.857,173.35,0,,
-17.597,-17.786,0,,
-17.593,27.358,0,Zimbabwe,Hot spring
-17.485,-149.824,0,,
-17.456,-149.815,0,,
-17.369,54.996,0,,
-17.367,54.996,0,,
-17.332,54.997,7,,
-17.331,177.146,0,,
-17.289,-149.54,1,,outer slope of the reef
-17.286,42.287,10,,marine biome (ENVO:00000447)
-17.16,146.027,0,,
-17.095,95,0,,
-17.025,42.74,15,,marine biome (ENVO:00000447)
-17.017,-30.605,6,,ocean_biome
-17.001,-18.391,0,,
-17,-103,0,,
-16.96,-100.634,2,,marine biome (ENVO:00000447)
-16.959,-100.675,48,,marine biome (ENVO:00000447)
-16.957,53.98,0,,marine biome (ENVO:00000447)
-16.953,53.96,44,,marine biome (ENVO:00000447)
-16.949,-100.672,131,,marine biome (ENVO:00000447)
-16.925,179.773,0,,
-16.838,95,0,,
-16.795,54.999,4,,
-16.743,169.791,0,,
-16.728,146.362,3,Australia:Coral Sea,
-16.719,146.356,3,Australia:Coral Sea,
-16.582,95,0,,
-16.419,54.997,1,,
-16.299,146.06,0,Australia:Coral Sea,
-16.278,95,0,,
-16.23,54.996,0,,
-16.032,-25.024,0,,
-16.004,95,0,,
-15.652,55.001,2,,
-15.545,167.228,0,,
-15.342,43.296,8,,marine biome (ENVO:00000447)
-15.338,43.295,110,,marine biome (ENVO:00000447)
-15.289,-148.232,0,,
-15.154,-147.437,0,,
-15,-103,0,,
-14.93,95,2,,
-14.779,-24.986,0,,
-14.68,55.002,2,,
-14.67,145.455,0,,
-14.633,95,2,,
-14.518,55.004,0,,
-13.957,54.998,0,,
-13.953,55,1,,
-13.899,54.998,0,,
-13.896,144.399,2,Australia:Coral Sea,
-13.894,144.396,3,Australia:Coral Sea,
-13.855,144.676,1,Australia:Coral Sea,
-13.566,95,0,,
-13.39,54.992,1,,
-13.335,-21.838,0,,
-13.254,-21.91,0,,
-13.03,95,0,,
-13.002,-95.976,1,,marine biome (ENVO:00000447)
-13,-102.999,0,,
-12.979,-96.023,412,,marine biome (ENVO:00000447)
-12.972,-96.012,14,,marine biome (ENVO:00000447)
-12.896,-29.234,5,,ocean_biome
-12.666,127.283,0,,
-12.62,132.883,4671,Australia,Billabong
-12.601,-22.523,0,,
-12.484,95,0,,
-12.428,123.776,0,,
-12.4,130.768,368,Australia:Darwin NRS,
-12.244,54.994,1,,
-12.209,54.96,0,,
-12.102,-24.928,1,,
-12.102,96.897,0,,
-12.001,-103,0,,
-11.881,54.557,0,,
-11.731,54.38,0,,
-11.676,144.226,9,Australia:Coral Sea,
-11.628,95,3,,
-11.499,54.109,0,,
-11.493,-10.537,0,,
-11.421,95,1,,
-11.264,142.892,0,,
-11.262,-24.939,0,,
-11.137,53.673,0,,
-11.128,53.665,0,,
-11.067,53.59,0,,
-11,-103,0,,
-10.954,92.068,0,,
-10.885,94.999,1,,
-10.816,139.961,8,Australia:Arafura Sea,
-10.807,144.121,3,Australia:Coral Sea,
-10.806,138.434,3,Australia:Arafura Sea,
-10.801,140.27,17,Australia:Arafura Sea,
-10.794,132.364,2,Australia:Arafura Sea,
-10.752,53.21,1,,
-10.746,138.775,4,Australia:Arafura Sea,
-10.652,95,1,,
-10.597,132.93,2,Australia:Arafura Sea,
-10.542,143.984,7,Australia:Coral Sea,
-10.513,52.923,1,,
-10.48,-24.546,0,,
-10.459,88.306,0,,
-10.146,-135.465,0,,
-9.98,-55.26,0,Brazil,Amazon
-9.89,-103.156,0,,
-9.858,52.146,0,,
-9.82,-150.82,1,,
-9.816,95,0,,
-9.76,150.88,65,,
-9.642,51.883,0,,
-9.611,84.212,0,,
-9.576,-131.5,0,,
-9.392,66.423,0,,marine biome (ENVO:00000447)
-9.259,51.429,0,,
-9.161,-28.001,0,,ocean_biome
-9.15,-140.522,65,,marine biome (ENVO:00000447)
-9.121,51.617,0,,
-9.12,-104.24,0,,
-9.071,-140.597,617,,marine biome (ENVO:00000447)
-9.051,-25.909,0,,
-9.035,-127.776,0,,
-9.006,-139.139,149,,marine biome (ENVO:00000447)
-8.997,-139.196,3,,marine biome (ENVO:00000447)
-8.993,95,0,,
-8.973,-139.239,890,,marine biome (ENVO:00000447)
-8.912,51.899,0,,
-8.911,-142.557,21,,marine biome (ENVO:00000447)
-8.911,-140.284,1174,,marine biome (ENVO:00000447)
-8.907,-140.283,9,,marine biome (ENVO:00000447)
-8.9,-142.546,326,,marine biome (ENVO:00000447)
-8.799,-17.903,576,,marine biome (ENVO:00000447)
-8.779,-17.91,5,,marine biome (ENVO:00000447)
-8.734,52.145,1,,
-8.73,-17.96,107,,marine biome (ENVO:00000447)
-8.73,95,1,,
-8.51,80.384,0,,
-8.456,52.478,0,,
-8.43,-124.246,0,,ocean biome
-8.375,52.626,0,,
-8.199,52.86,0,,
-8.198,52.862,0,,
-8.109,53.074,4,,
-7.758,53.463,0,,
-7.672,-120.405,0,,
-7.549,-24.959,0,,
-7.517,53.629,1,,
-7.135,95,0,,
-7.115,-116.121,0,,
-7.06,-107.12,0,,
-7.015,76.347,0,,
-7,95,1,,
-6.599,95,0,,
-6.552,54.29,2,,
-6.37,95,0,,
-6.317,39.55,0,,
-6.215,54.525,2,,
-6.117,39.117,0,,
-6.082,54.629,0,,
-6.068,95,0,,
-5.943,-108.691,0,,
-5.667,-28.457,5,,ocean_biome
-5.588,54.958,1,,
-5.529,95,0,,
-5.267,-85.273,14,,marine biome (ENVO:00000447)
-5.261,-85.168,155,,marine biome (ENVO:00000447)
-5.253,-85.154,0,,marine biome (ENVO:00000447)
-4.998,64.987,1,,
-4.985,-24.973,0,,
-4.676,60.53,0,,
-4.637,56.839,0,,
-4.627,55.518,2,,
-4.514,-105.073,0,,
-4.296,-18.896,0,,
-4.219,-49.703,0,Brazil,Amazon
-4,-110,0,,
-3.931,-49.626,0,Brazil,River
-3.879,94.652,0,,
-3.832,-49.647,3,,
-3.712,55.461,0,,
-3.706,55.468,0,,
-3.689,-24.98,0,,
-3.616,94.569,0,,
-3.362,94.494,1,,
-3.353,-101.381,0,,
-3.237,56,0,,
-3.001,-110,0,,
-3,-149.67,0,,
-2.998,56.193,0,,
-2.996,56.194,0,,
-2.918,94.359,0,,
-2.833,94.333,1,,
-2.811,56.352,0,,
-2.741,56.428,0,,
-2.65,-28.917,29,,ocean_biome
-2.597,-97.876,0,,
-2.391,-21.277,0,,
-2.291,56.787,0,,
-2.265,56.816,0,,
-2.024,94.07,1,,
-2.013,-84.589,5,,marine biome (ENVO:00000447)
-2.001,-150,0,,
-1.999,-109.999,0,,
-1.981,-95.03,0,,
-1.9,-84.626,3,,marine biome (ENVO:00000447)
-1.89,-84.614,88,,marine biome (ENVO:00000447)
-1.769,57.223,1,,
-1.746,93.984,0,,
-1.24,-90.442,0,,
-1.232,-90.429,0,,
-1.231,57.253,1,,
-1.221,-90.323,0,,
-1.15,-24.982,2,,
-1.112,93.787,0,,
-0.999,-150.35,2,,
-0.933,93.733,0,,
-0.865,57.244,5,,
-0.662,73.161,0,,marine biome (ENVO:00000447)
-0.63,93.648,1,,
-0.605,-91.072,0,,
-0.435,93.588,2,,
-0.4,-90.293,0,,
-0.387,-23.636,0,,
-0.319,-91.653,0,,
-0.316,93.552,1,,
-0.203,-90.837,0,,
-0.192,-32.874,33,,ocean_biome
-0.12,93.483,0,,
-0.082,57.27,0,,
-0.025,-91.212,0,,
-0.001,57.269,0,,
0,-153.676,22,,marine biome (ENVO:00000447)
0,-110,0,,
0.001,93.442,0,,
0.002,-24.993,0,,
0.003,71.643,0,,marine biome (ENVO:00000447)
0.022,-153.686,8,,marine biome (ENVO:00000447)
0.148,93.376,0,,
0.278,-91.647,0,,
0.317,93.3,0,,
0.498,57.276,0,,
0.595,-47.299,0,Brazil,Amazon
0.617,-47.336,0,Brazil,Amazon
0.931,57.297,1,,
0.997,-151.04,0,,
1,-110,0,,
1.004,57.297,0,,
1.098,92.504,0,,
1.266,103.833,0,,
1.268,103.917,3,,Marine Biome
1.279,-89.306,0,,
1.395,-91.821,0,,
1.673,92.211,1,,
1.993,-84.577,0,,marine biome (ENVO:00000447)
2,-151.39,0,,
2.004,57.333,0,,
2.008,57.33,0,,
2.014,92.086,0,,
2.03,-84.555,2,,marine biome (ENVO:00000447)
2.065,-84.555,144,,marine biome (ENVO:00000447)
2.201,92.02,3,,
2.381,-26.227,0,,
2.398,57.695,0,,
2.562,57.856,1,,
2.598,91.89,0,,
2.762,91.837,2,,
2.798,58.063,1,,
2.799,58.062,2,,
3.001,-151.74,0,,
3.184,58.418,0,,
3.203,91.656,0,,
3.431,91.715,0,,
3.594,58.792,0,,
3.659,58.788,0,,
3.715,105.408,0,,
3.718,91.407,0,,
3.808,-25.836,0,,
3.997,59.158,6,,
4,-110,0,,
4.065,91.206,3,,
4.285,91.047,0,,
4.35,59.487,0,,
4.389,59.524,1,,
4.518,90.867,0,,
4.654,90.763,0,,
4.722,-28.821,0,,
4.796,59.892,0,,
4.88,-51.36,0,Western Tropical North Atlantic Ocean,surface seawater
4.941,-110,3,,
5.024,90.474,0,,
5.056,60.13,0,,
5.197,60.259,0,,
5.202,60.262,3,,
5.331,90.243,1,,
5.394,90.194,0,,
5.5,-87.067,0,,
5.595,60.626,0,,
5.647,-86.58,0,,
5.725,-32.031,0,,
5.956,60.956,2,,
5.996,60.993,1,,
6,-109.997,0,,
6,73.896,0,,marine biome (ENVO:00000447)
6,73.907,38,,marine biome (ENVO:00000447)
6.119,89.628,0,,
6.205,89.564,0,,
6.333,-102.943,18,,marine biome (ENVO:00000447)
6.338,-102.954,19,,marine biome (ENVO:00000447)
6.356,-103.06,1323,,marine biome (ENVO:00000447)
6.402,61.362,0,,
6.502,-82.908,0,,
6.502,89.339,1,,
6.79,61.725,3,,
6.792,61.725,0,,
6.873,89.055,0,,
7,-110,0,,
7.124,62.027,2,,
7.164,-81.715,0,,
7.164,-81.711,0,,
7.29,-53,3,Western Tropical North Atlantic Ocean,surface seawater
7.412,-79.302,3,,marine biome (ENVO:00000447)
7.471,-26.65,0,,
7.59,62.456,0,,
7.747,85.747,1,,
7.795,62.645,0,,
7.983,88.202,4,,
7.999,-110,0,,
8.04,85.893,1,,
8.131,-79.717,0,,
8.142,-79.699,0,,
8.199,88.036,0,,
8.257,85.52,1,,
8.35,87.919,0,,
8.395,63.193,3,,
8.396,63.194,0,,
8.397,-34.807,0,,
8.464,87.831,1,,
8.522,81.052,0,,ENVO:00000447
8.545,63.333,0,,
8.795,63.564,0,,
9,-154.17,0,,
9,-110,0,,
9.069,86.406,1,,
9.089,87.35,0,,
9.134,63.873,0,,
9.179,-79.839,1,,
9.183,-79.837,1,,
9.187,63.921,0,,
9.219,87.25,0,,
9.338,85.036,0,,
9.348,-82.266,0,,Marine pelagic
9.458,87.069,0,,
9.546,-50.469,114,,ocean_biome
9.594,86.664,0,,
9.597,64.296,0,,
9.658,87.377,1,,
9.674,64.37,2,,
9.827,86.799,0,,
9.828,86.782,0,,
9.848,-80.045,3,,marine biome (ENVO:00000447)
9.892,87.02,2,,
9.895,86.506,0,,
9.953,85.657,1,,
9.964,85.42,2,,
9.965,86.059,0,,
9.966,87.299,1,,
9.966,87.852,0,,
9.967,87.571,1,,
9.969,86.2,1,,
9.972,84.753,0,,
9.975,-38.137,0,,
9.975,85.174,0,,
9.99,64.668,0,,
10.002,-154.52,0,,
10.004,-154.52,0,,
10.102,86.945,0,,
10.29,-54.51,0,Western Tropical North Atlantic Ocean,surface seawater
10.367,64.667,1,,
10.491,87.176,0,,
10.538,64.666,3,,
10.68,-54.42,0,Western Tropical North Atlantic Ocean,surface seawater
10.706,-41.577,0,,
10.708,-80.29,0,,
10.733,-80.259,0,,
11,-110,0,,
11.073,64.665,1,,
11.31,-56.43,1,Western Tropical North Atlantic Ocean,ocean biome
11.447,-27.709,0,,
11.508,87.781,0,,
11.619,64.667,1,,
11.866,-45.007,0,,
11.97,88.056,2,,
11.999,-155.22,0,,
12,-155.22,5,,
12,-110,0,,
12.049,64.668,0,,
12.106,-88.01,0,,
12.159,64.669,0,,
12.188,88.181,0,,
12.41,-52.22,0,Western Tropical North Atlantic Ocean,surface seawater
12.497,47.075,0,,
12.603,-89.189,0,,
12.658,88.465,3,,
12.704,64.667,3,,
12.858,88.583,0,,
13,-110,0,,
13.002,-155.57,0,,
13.13,88.744,0,,
13.162,-53.422,118,,ocean_biome
13.242,64.668,2,,
13.244,64.669,0,,
13.297,-104.802,0,,
13.757,-91.591,0,,
13.787,64.666,0,,
13.812,-28.294,0,,
14,-110.001,0,,
14.202,-116.643,1688,,marine biome (ENVO:00000447)
14.204,-116.626,1,,marine biome (ENVO:00000447)
14.208,-116.647,616,,marine biome (ENVO:00000447)
14.32,64.669,0,,
14.325,64.668,0,,
14.443,79.986,1,India,water
14.45,89.532,0,,
14.484,64.668,0,,
14.492,-52.53,0,,
14.554,70.013,5,,marine biome (ENVO:00000447)
14.606,69.978,1,,marine biome (ENVO:00000447)
14.634,89.621,0,,
14.866,64.667,0,,
14.999,-156.26,0,,
15.076,-28.613,0,,
15.084,89.817,0,,
15.141,65.139,0,,
15.165,89.81,0,,
15.402,90.146,0,,
15.418,65.622,1,,
15.501,89.85,2,,
15.555,-55.88,0,,
15.688,66.09,0,,
15.698,-96.795,0,,
15.727,89.85,0,,
15.874,66.412,0,,
15.966,66.569,1,,
15.998,89.85,1,,
16,-156.61,0,,
16.045,-94.337,0,,
16.235,67.04,1,,
16.411,67.342,0,,
16.5,89.85,0,,
16.51,67.515,1,,
16.785,67.993,0,,
16.803,88.082,0,,Caribbean Sea
16.82,89.85,1,,
16.831,-56.268,91,,ocean_biome
16.862,-99.863,0,,
16.998,89.834,0,,
17.047,-110.001,2,,
17.124,89.85,0,,
17.192,68.701,1,,
17.286,90.009,0,,
17.332,68.953,0,,
17.349,-20.784,10,,ocean_biome
17.352,-20.817,19,,ocean_biome
17.39,40.54,0,Saudi Arabia: Red Sea,seawater column
17.4,-24.5,278,,ocean_biome
17.501,89.863,0,,
17.541,-51.638,0,,
17.548,69.425,0,,
17.571,-78.49,15,India,small river biome
17.574,78.356,0,India,freshwater lake biome
17.59,39.47,4,Saudi Arabia: Red Sea,seawater column
17.597,-78.589,0,India,small lake biome
17.609,-78.452,0,India,small river biome
17.637,89.853,0,,
17.643,-78.387,0,India,small river biome
17.656,-78.446,0,India,small river biome
17.687,-78.453,0,India,small lake biome
17.716,-78.399,8,India,small river biome
17.719,68.986,0,,
17.72,68.983,1,,
17.742,-28.93,0,,
17.792,68.734,0,,
17.867,68.481,4,,
17.879,-78.376,0,India,small river biome
17.883,89.86,1,,
17.996,68.014,0,,
18.001,-157.65,0,,
18.04,-83.813,0,,
18.107,-65.459,0,,
18.116,-103.115,0,,
18.313,-64.827,0,,ocean biome
18.333,-64.793,0,,
18.34,40.44,8,Saudi Arabia: Red Sea,seawater column
18.358,-64.718,0,,ocean biome
18.368,-64.904,0,,
18.375,-81.798,0,Atlantic Ocean,seawater
18.375,-81.797,0,Atlantic Ocean,seawater
18.377,-81.798,1,Atlantic Ocean,seawater
18.397,39.875,51,,marine biome (ENVO:00000447)
18.442,39.857,384,,marine biome (ENVO:00000447)
18.547,-81.718,16,Atlantic Ocean,seawater
18.584,66.473,1,,marine biome (ENVO:00000447)
18.592,66.622,0,,marine biome (ENVO:00000447)
18.734,66.39,817,,marine biome (ENVO:00000447)
19,-110,0,,
19.028,64.513,40,,marine biome (ENVO:00000447)
19.035,64.564,595,,marine biome (ENVO:00000447)
19.039,64.491,0,,marine biome (ENVO:00000447)
19.25,-97.24,181,Mexico: Puebla State,
19.433,-29.383,296,,ocean_biome
19.611,-66.13,0,,
19.667,-65.967,0,,
19.9,-93,0,Mexico,marine subtidal rocky reef biome
20.095,-105.634,0,,
20.192,72.747,1,India,Marine soil
20.233,72.75,0,India,Marine soil
20.293,113.887,0,,
20.31,38.46,5,Saudi Arabia: Red Sea,seawater column
20.528,-85.427,0,,
20.648,-105.255,0,,
20.666,-65.816,0,,
20.818,63.505,1,,marine biome (ENVO:00000447)
20.822,63.513,44,,marine biome (ENVO:00000447)
20.84,-86.88,391,Mexico,coral reef
20.846,63.585,1310,,marine biome (ENVO:00000447)
20.85,73.33,0,India,Hot spring
20.993,-109.999,0,,
21.039,-54.325,1,,
21.2,72.38,0,India,marine soil
21.269,-157.722,0,,ENVO:00000447
21.287,-157.844,0,,ENVO:00000447
21.289,-156.864,0,,ENVO:00000447
21.446,-27.74,0,,
21.6,73,3,India,soil
21.62,73.01,0,India,Aquatic
21.668,-65.665,0,,
21.879,-55.237,0,,
21.9,-94,0,Mexico,marine subtidal rocky reef biome
21.947,38.252,32,,marine biome (ENVO:00000447)
22.2,37.55,6,Saudi Arabia: Red Sea,seawater column
22.316,-64.816,0,,
22.318,72.619,508,,Sediment
22.333,-35.867,498,,ocean_biome
22.341,-63.583,76,,ocean_biome
22.35,-92.05,0,Mexico,marine subtidal rocky reef biome
22.542,116.31,0,,
22.6,-27.214,0,,
22.706,-157.993,0,Station ALOHA North Pacific Subtropical Gyre,Mixed layer surface ocean
22.744,69.955,230,,Sediment
22.75,-158,1294,,ocean biome
22.79,73.46,0,India,Hot spring
22.8,-96.8,1,Mexico,marine subtidal rocky reef biome
22.888,-109.908,0,,
22.9,-93,0,Mexico,marine subtidal rocky reef biome
22.92,73.2,0,India,high temperature habitat
23.222,-106.46,0,,ocean biome
23.36,37.218,8,,marine biome (ENVO:00000447)
23.36,37.3,9,Saudi Arabia: Red Sea,seawater column
23.418,37.245,683,,marine biome (ENVO:00000447)
23.548,-57.063,0,,
23.67,-65.366,2,,
24,-22,84,,ocean_biome
24.15,-40.218,254,,ocean_biome
24.183,-84.355,0,,
24.414,54.569,13,United Arab Emirates,Industrial cooling water
24.439,-58.021,0,,
24.44,-110.362,0,,
24.488,54.609,30,United Arab Emirates,Industrial cooling water
24.493,-83.073,0,,
24.501,54.391,20,United Arab Emirates,Industrial cooling water
24.714,-67.073,150,,ocean_biome
24.717,-76.817,2,"Highborne Cay, Bahamas",marine
24.745,-80.784,0,,ENVO:00000447
24.892,-58.495,2,,
24.894,-110.572,0,,
24.908,102.746,0,China,sediment
25.134,-58.874,0,,
25.258,-112.875,0,,
25.46,36.6,20,Saudi Arabia: Red Sea,seawater column
25.526,-88.394,55,,marine biome (ENVO:00000447)
25.617,-88.453,77,,marine biome (ENVO:00000447)
25.624,-88.45,349,,marine biome (ENVO:00000447)
25.671,-65.069,0,,
25.701,-111.167,0,,
26.006,-92.366,1807,Atlantic Ocean: Gulf of Mexico,seawater
26.012,-111.105,0,,
26.103,-80.093,1,,ENVO:00000447
26.137,-44.826,312,,ocean_biome
26.267,-64.214,0,,
26.424,-61.437,1,,
26.488,50.196,0,,
26.653,-121.297,0,,
26.712,-79.796,0,,
27.025,33.913,0,,marine biome
27.042,33.907,0,,marine biome
27.16,27.143,3,,marine biome (ENVO:00000447)
27.404,83.032,70,,
27.469,-80.283,0,,Atlantic Ocean
27.53,34.3,7,Saudi Arabia: Red Sea,seawater column
27.583,-49.633,325,,ocean_biome
27.616,-82.726,0,,ENVO:00000447
27.625,-97.209,0,USA,Channel
27.864,-13.682,0,,
27.877,-97.505,1,USA,Coastal Bay
28.086,-97.2,1,USA,Coastal Bay
28.09,-67.502,144,,ocean_biome
28.609,-24.361,0,,
28.663,-88.01,0,USA: Gulf of Mexico,marine biome
28.701,-66.04,2,,
28.705,-88.402,0,USA: Gulf of Mexico,marine biome
28.715,-88.359,0,USA: Gulf of Mexico,marine biome
29.126,-66.91,0,,
29.281,-94.852,0,USA,Coastal Bay
29.467,34.917,0,,
29.467,34.929,0,,Gulf of Eilat
29.488,-23.932,0,,
29.669,-64.465,0,,
29.854,-123.585,0,,
29.858,-123.599,0,,
30,163,0,,
30.169,-122.932,0,,
30.196,-122.936,0,,
30.248,-88.748,0,,Marine near barrier island
30.307,-140.93,0,,
30.417,30.217,0,Egypt,saline pan
30.582,-116.638,0,,
31,-117,0,,
31,110,0,China,water bacterioplankton
31.041,33.355,1,,
31.186,-120.926,0,,
31.217,29.967,0,,marine biome
31.287,-120.919,0,,
31.384,-80.867,0,,Oceanic
31.521,-158.996,1,,marine biome (ENVO:00000447)
31.528,-159.022,435,,marine biome (ENVO:00000447)
31.66,-64.16,1414,,ocean biome
31.665,-64.167,28,,
31.667,-64.167,230,,ocean_biome
31.668,-64.171,0,,
31.695,-64.249,49,,marine biome (ENVO:00000447)
31.754,-64.175,264,,ocean_biome
31.983,-81.017,0,,Estuary
31.997,-124.18,0,,
32.02,77.34,0,India,Terrestrial Biome
32.069,34.843,0,,Mediterranean Sea:
32.461,-70.213,3,,
32.501,-121.915,0,,
32.512,-118.216,0,,
32.514,-79.278,0,,
32.528,-118.219,0,,
32.626,-117.503,0,,
32.646,-16.91,0,,ENVO:00000447
32.742,-16.711,0,,ENVO:00000447
32.747,-9.037,0,,ENVO 01000043
32.752,-79.9,1,,ENVO:00000447
32.775,-16.829,0,,ENVO:00000447
32.822,32.954,1,,oligotrophic
32.867,-117.257,0,,Marine Biome
32.889,-70.63,6,,
33.001,-60,1,,
33.044,-122.178,0,,
33.047,-22.137,0,,
33.15,-123.218,0,,
33.26,-8.499,0,,ENVO 01000043
33.284,-129.419,0,,
33.287,-129.428,0,,
33.315,-73.185,1,,
33.323,-79.168,0,,ENVO:00000447
33.433,-58.05,20,,ocean_biome
33.55,-118.4,0,,ENVO:00000447
33.584,-7.701,0,,ENVO 01000043
33.587,-71.292,4,,
33.652,-118.968,0,,
33.722,-118.266,0,,
33.753,-118.221,0,,
33.754,-118.193,0,,
33.799,-118.646,0,Pacific,
33.918,32.898,7,,marine biome (ENVO:00000447)
33.924,32.812,1,,marine biome (ENVO:00000447)
34.077,-49.823,509,,marine biome (ENVO:00000447)
34.113,-49.918,32,,marine biome (ENVO:00000447)
34.15,-56.968,654,,marine biome (ENVO:00000447)
34.172,-120.021,599,USA,marine environment
34.189,49.84,0,Iran,hypersaline water
34.324,135.121,1,,ENVO:0000447
34.328,-55.432,15,,ocean_biome
34.41,-9.51,0,,Coastal Sea area
34.412,-126.455,0,,
34.504,-73.507,1,,
34.537,122.142,0,,
34.653,-120.973,0,,
34.666,-71.291,1112,,marine biome (ENVO:00000447)
34.671,-71.309,85,,marine biome (ENVO:00000447)
34.718,-121.536,0,,
34.718,-76.671,0,,coastal marine estuary
34.843,-69.026,0,,
35,33,0,,Marine Biome
35.084,-120.768,0,,
35.086,-2.215,0,,ENVO 01000047
35.193,-2.88,1,,ENVO 01000047
35.204,128.994,0,South Korea,freshwater
35.27,-127.727,106,,marine biome (ENVO:00000447)
35.283,-20.923,0,,
35.35,25.29,0,,ENVO:01000035
35.364,33.29,1,,Marine
35.4,-127.75,11,,marine biome (ENVO:00000447)
35.416,-66.541,516,,ocean_biome
35.661,24.99,0,,1000035
35.662,-7.334,0,"Gulf of Cadiz, Atlantic Ocean",cold seep
35.665,-64.168,0,,
35.687,76.646,74,Pakistan,glacier
35.688,76.648,56,Pakistan,glacier
35.753,14.276,49,,marine biome (ENVO:00000447)
35.759,14.257,61,,marine biome (ENVO:00000447)
35.82,-5.75,1,,ENVO 01000047
35.843,-37.153,13,,marine biome (ENVO:00000447)
35.935,-37.303,13,,marine biome (ENVO:00000447)
35.951,-72.427,0,,ocean biome
35.959,-123.845,0,,
36.008,-75.406,0,,
36.172,-29.023,0,,marine biome (ENVO:00000447)
36.181,-28.937,91,,marine biome (ENVO:00000447)
36.207,-53.268,22,,ocean_biome
36.223,-122.858,0,,
36.383,25.394,0,,
36.4,25.39,0,,
36.414,-20.122,0,,
36.454,25.405,11,Greece,hydrothermal vent
36.553,-6.567,6,,marine biome (ENVO:00000447)
36.747,-122.022,0,,
36.75,175.833,0,,
36.776,-122.016,0,,
36.998,-7.973,0,,Marine
37.004,-55.002,0,,
37.005,-7.973,2,,Marine
37.138,151.09,0,,
37.167,-7.504,1,,Coastal Sea area
37.413,-118.504,0,USA,hot spring
37.426,-25.316,0,,ENVO:00000447
37.433,-25.19,0,,ENVO:00000447
37.526,127.017,0,South Korea,Freshwater
37.542,127.243,0,South Korea,Freshwater
37.567,-50.686,52,,ocean_biome
37.596,126.896,0,South Korea,Water
37.607,-68.39,331,,ocean_biome
37.652,126.722,0,South Korea,Freshwater
37.664,-64.161,0,,
37.675,127.384,0,South Korea,Freshwater
37.697,-122.602,0,,
37.828,-122.492,0,,
37.947,127.819,20,South Korea,fresh water ENVO:00002011
38,-124,0,,
38.088,127.762,0,South Korea,Freshwater
38.19,-0.56,0,Spain: Santa Pola,
38.2,0.586,0,Spain: Santa Pola,aquatic biome
38.215,0.596,0,"Spain: Santa Pola Saltern, SS13 pond",aquatic biome
38.253,15.629,0,,
38.269,15.637,0,,Meromictic lakes are unusual hydrological formations where bodies of water follow a seasonal cycle of stratifi- cation but do not mix completely.
38.324,-68.876,343,,ocean_biome
38.413,27.034,0,,marine biome
38.484,21.317,0,,ENVO:01000252 &quot;freshwater lake biome&quot;
38.528,18.075,0,,
38.53,-28.602,0,,ENVO:01000048; ENVO:01000035
38.64,-28.13,0,,ENVO:00000447
38.655,-69.131,566,,ocean_biome
38.667,-9.437,0,,Coastal Sea area
38.677,-9.012,1,,ENVO:01000020
38.679,-76.174,1,,ENVO:00000447
38.757,-8.966,0,,ENVO:01000020
38.802,-75.203,3,USA,estuarine biome
38.828,22.772,0,,
38.886,-76.542,1,,Brackish water river
38.947,-74.687,0,,
38.96,-76.43,0,,
39.134,-9.385,0,,ENVO:00000447
39.14,-9.38,2,,ENVO:01000020
39.23,-70.038,77,,marine biome (ENVO:00000447)
39.239,-70.034,923,,marine biome (ENVO:00000447)
39.332,-75.47,6,,ENVO:00000447
39.389,19.39,1,,marine biome (ENVO:00000447)
39.399,19.4,91,,marine biome (ENVO:00000447)
39.415,-9.219,0,,ENVO:01000020
39.437,-75.508,0,,
39.453,-64.148,0,,
39.492,2.127,1,,
39.692,-69.863,289,,ocean_biome
39.719,-17.716,0,,
39.787,-73.557,0,,
39.839,17.416,0,,marine biome (ENVO:00000447)
39.897,11.758,0,,
39.909,-124.359,0,,
40.107,-82.184,3204,USA:Ohio,
40.145,-8.869,4,,ENVO:01000020
40.435,14.226,0,Italy,Estuarine
40.435,14.277,0,Italy,Estuarine
40.436,14.277,0,Italy,Estuarine
40.583,13.95,0, Tyrrenian Sea,Dilution Basin Mediterranean
40.66,-8.704,0,,ENVO:01000020
40.808,14.25,0,,Marine biome 00000447
41.002,-50,0,,
41.099,-71.604,0,,
41.132,-8.71,0,Portugal,laboratory enrichment
41.142,-8.667,0,,Estuarine Biome
41.167,18.583,0,,ENVO:marine biome
41.214,17.878,0,,
41.28,-81.55,0,,
41.42,-71.351,0,,
41.442,-70.774,0,,
41.524,-70.672,0,,ENVO:00000447
41.561,-69.963,0,,
41.65,2.8,0,,
41.667,2.8,0,,Marine biome - coastal
41.667,18.583,0,,ENVO:marine biome
41.669,2.8,0,,marine biome (ENVO:00000447)
41.684,-8.834,0,,NE Atlantic
41.84,-83.19,0,,891
41.979,-70.198,0,,
42.174,17.725,20,,marine biome (ENVO:00000447)
42.204,17.715,20,,marine biome (ENVO:00000447)
42.245,27.401,0,,ENVO:00000447 marine biome
42.352,-70.987,0,,
42.436,28.136,6,,
42.487,3.169,95,,Westerlies Biome
42.487,3.17,4,,Westerlies Biome
42.488,3.145,0,,
42.49,3.15,0,,"Ocean, Temperate, Oligotrophic"
42.506,-67.247,0,,
42.64,0.777,0,,
42.641,0.778,6,Spain,freshwater biome
42.855,-66.227,0,,
42.967,-15.213,0,,
43.002,-47.498,0,,
43.102,-79.829,0,Canada,Mixedwood_Plains
43.11,-89.4,1,USA,freshwater biome ENVO:00000873
43.176,27.909,0,,ENVO:00000447
43.183,-124.477,0,,
43.226,5.746,0,,0
43.333,-1.925,0,,Surface marine water
43.433,2.9,0,,ENVO:01000023
43.57,13.595,0,,ENVO:00000447 for marine biome
43.576,-81.66,5,Canada,Mixedwood_Plains
43.629,-80.047,5,Canada,Mixedwood_Plains
43.64,-65.707,19,,Atlantic_Maritime
43.648,-66.861,0,,
43.679,-16.834,14,,marine biome (ENVO:00000447)
43.718,-16.871,831,,marine biome (ENVO:00000447)
43.74,-79.795,51,Canada,Mixedwood_Plains
43.746,-79.735,15,Canada,Mixedwood_Plains
43.768,-16.905,20,,marine biome (ENVO:00000447)
43.82,28.561,5,Romania,Cave Ecosystem
43.844,-69.641,0,,marine biome
43.851,13.073,0,,ENVO:00000447
43.86,-69.578,0,,ENVO:00000447
43.873,-69.056,0,,
43.948,12.935,0,,ENVO:00000447
43.95,-79.433,21,Canada,Mixedwood_Plains
43.957,-79.501,24,Canada,Mixedwood_Plains
44.108,-69.055,0,,
44.141,-63.655,0,,
44.168,-81.31,2,Canada,Mixedwood_Plains
44.17,-69.48,0,USA,freshwater biome ENVO:00000873
44.178,-78.179,9,,Mixedwood_Plains
44.191,-66.104,30,Canada,Atlantic_Maritime
44.205,-81.052,8,Canada,Mixedwood_Plains
44.256,-64.605,17,Canada,Atlantic_Maritime
44.26,-80.969,71,Canada,Mixedwood_Plains
44.262,-80.641,95,Canada,Mixedwood_Plains
44.275,-77.91,39,Canada,Mixedwood_Plains
44.275,-66.075,52,Canada,Atlantic_Maritime
44.374,-64.576,8,Canada,Atlantic_Maritime
44.392,-76.818,52,Canada,Mixedwood_Plains
44.426,-76.849,40,Canada,Mixedwood_Plains
44.449,-65.86,45,Canada,Atlantic_Maritime
44.468,-78.696,3,Canada,Mixedwood_Plains
44.472,-77.295,16,Canada,Mixedwood_Plains
44.494,-76.414,6,,Mixedwood_Plains
44.518,-65.495,31,Canada,Atlantic_Maritime
44.528,-110.325,0,,
44.545,-75.999,6,Canada,Mixedwood_Plains
44.603,-76.472,72,Canada,Mixedwood_Plains
44.604,-79.507,17,,Mixedwood_Plains
44.652,-63.497,7,,Atlantic_Maritime
44.656,-63.47,2,,Atlantic_Maritime
44.662,-124.464,0,,
44.667,-1.167,2,,ENVO:01000023
44.687,-79.325,5,,Mixedwood_Plains
44.693,-63.554,3,,Atlantic_Maritime
44.694,-63.64,0,,ENVO:00000447 for &quot;marine biome&quot;
44.697,-63.641,0,,
44.723,-63.551,6,,Atlantic_Maritime
44.726,-81.227,11,,Mixedwood_Plains
44.74,-78.912,7,,Mixedwood_Plains
44.745,-63.785,1,,Atlantic_Maritime
44.767,-72.528,2,USA: Vermont,
44.767,-72.527,2,USA: Vermont,
44.767,-72.526,1,USA: Vermont,
44.796,20.629,3,Serbia,freshwater river biome
44.832,-63.72,0,,Atlantic_Maritime
44.867,13.84,0,Croatia,marine
44.934,12.615,0,,marine biome
44.934,12.701,0,,marine biome
44.934,12.761,0,,marine biome
44.965,-13.594,0,,
44.97,-64.556,51,Canada,Atlantic_Maritime
44.975,-64.376,5,Canada,Atlantic_Maritime
44.993,-45.002,0,,
45.019,-64.591,49,Canada,Atlantic_Maritime
45.036,-76.184,10,,Mixedwood_Plains
45.062,13.652,0,Croatia,marine
45.08,13.61,0,,Mediterranean
45.11,44.796,2,Serbia,freshwater river biome
45.123,-64.96,0,,
45.191,-77.646,4,Canada,Boreal_Shield
45.217,-81.558,22,,Mixedwood_Plains
45.219,-63.318,2,,Atlantic_Maritime
45.225,-76.834,1,Canada,Boreal_Shield
45.231,-81.532,27,,Mixedwood_Plains
45.258,-74.702,37,Canada,Mixedwood_Plains
45.276,14.55,0,Croatia,marine
45.291,-66.057,27,Canada,Atlantic_Maritime
45.314,12.508,1,,ENVO:00000447 MARINE BIOME
45.316,-66.76,17,Canada,Atlantic_Maritime
45.324,8.374,0,,
45.326,13.332,0,,marine biome
45.412,12.526,1,,ENVO:01000047 &quot;MEDITTEREAN SEA BIOME&quot;
45.414,12.438,0,,"ENVO:01000047, &quot;MEDITERREAN SEA BIOME&quot;"
45.415,-65.968,0,Canada,Atlantic_Maritime
45.44,-72.223,49,Canada,Atlantic_Highlands
45.457,-72.206,14,Canada,Atlantic_Highlands
45.457,12.26,0,,"ENVO:00000038, &quot;LAGOON&quot;"
45.484,-124.92,0,,
45.502,12.418,0,,"ENVO:00000038, &quot;LAGOON&quot;"
45.522,-61.561,20,,Atlantic_Maritime
45.565,-77.049,14,,Boreal_Shield
45.605,-74.981,1,Canada,Mixedwood_Plains
45.622,-61.362,6,,Atlantic_Maritime
45.677,-111.041,0,USA,soil
45.689,-70.92,11,Canada,Atlantic_Highlands
45.694,-76.466,10,Canada,Mixedwood_Plains
45.701,13.71,0,,ENVO:00000447
45.71,-67.189,72,Canada,Atlantic_Maritime
45.716,-63.228,5,,Atlantic_Maritime
45.739,-72.145,5,Canada,Atlantic_Highlands
45.778,-72.004,12,Canada,Atlantic_Highlands
45.799,-64.207,22,Canada,Atlantic_Maritime
45.877,-81.981,8,Canada,Mixedwood_Plains
45.877,-75.957,9,Canada,Boreal_Shield
45.879,-82.886,23,Canada,Mixedwood_Plains
45.88,-129.803,0,Pacific Ocean,marine
45.892,-74.029,59,Canada,Boreal_Shield
45.892,-70.36,40,Canada,Atlantic_Highlands
45.923,-129.988,15,Pacific Ocean,water
45.927,-129.98,1,Pacific Ocean,marine
45.931,-64.368,5,Canada,Atlantic_Maritime
45.933,-130.014,37,Pacific Ocean,water
45.933,-129.999,102,Pacific Ocean,water
45.933,-129.982,45,Pacific Ocean,water
45.934,-130.014,1,Pacific Ocean,marine
45.934,-130.013,6,Pacific Ocean,marine
45.944,-129.985,2,Pacific Ocean,marine
45.948,-74.144,29,Canada,Boreal_Shield
45.966,-74.302,11,Canada,Boreal_Shield
46,-168,0,,
46.01,-89.7,0,USA,freshwater biome ENVO:00000873
46.029,-12.732,0,,
46.03,-89.68,0,USA,freshwater biome ENVO:00000873
46.04,-89.69,0,,
46.075,-129.995,0,Pacific Ocean,marine
46.085,-71.508,8,Canada,Atlantic_Highlands
46.111,-64.151,11,Canada,Atlantic_Maritime
46.12,-70.854,7,Canada,Atlantic_Highlands
46.133,-61.185,1,,Atlantic_Maritime
46.137,-79.232,10,Canada,Boreal_Shield
46.137,-70.81,4,Canada,Atlantic_Highlands
46.17,-60.015,4,,Atlantic_Maritime
46.171,-60.318,7,,Atlantic_Maritime
46.173,-124.283,0,,
46.184,-123.182,0,USA,river
46.233,-124.16,8,USA,marine
46.234,-123.909,12,USA,estuary
46.239,-124.161,1,USA,marine
46.239,-62.884,0,Canada,Atlantic_Maritime
46.259,-123.987,0,,
46.264,-83.306,7,Canada,Boreal_Shield
46.272,-80.525,10,Canada,Boreal
46.274,-129.796,0,Pacific Ocean,marine
46.312,-39.658,22,,ocean_biome
46.348,-62.528,5,Canada,Atlantic_Maritime
46.398,10.586,424,Italy,glacier
46.416,-66.943,43,Canada,Atlantic_Highlands
46.428,-62.42,2,Canada,Atlantic_Maritime
46.442,30.776,4,,Marine
46.453,-80.943,33,Canada,Boreal
46.48,-80.974,1,Canada,Boreal_Shield
46.635,-65.118,93,Canada,Atlantic_Maritime
46.72,-75.437,10,Canada,Boreal_Shield
46.751,-71.39,0,Canada,Mixedwood_Plains
46.797,-72.523,6,Canada,Mixedwood_Plains
46.892,-65.726,105,Canada,Atlantic_Maritime
46.896,-67.43,22,Canada,Atlantic_Maritime
46.922,-67.658,20,Canada,Atlantic_Maritime
46.934,-67.761,7,Canada,Atlantic_Maritime
46.95,-67.538,24,Canada,Atlantic_Maritime
47.001,-42.502,0,,
47.01,-66.968,17,Canada,Atlantic_Highlands
47.122,-124.865,0,,
47.352,-78.442,38,Canada,Boreal_Shield
47.4,-53.047,1,,Boreal_Shield
47.624,-52.826,0,,Boreal_Shield
47.694,-67.643,21,Canada,Atlantic_Highlands
47.702,-68.589,2,Canada,Atlantic_Highlands
47.711,-122.383,0,USA,coastal water body
47.715,-122.472,0,,
47.758,9.126,1,,
47.801,-39.399,17,,ocean_biome
47.839,-83.27,2,Canada,Boreal_Shield
47.901,-10.381,1,,
47.947,-69.226,11,Canada,Atlantic_Highlands
48.04,-123.026,0,,marine
48.049,-122.313,0,,
48.111,-68.881,21,Canada,Atlantic_Highlands
48.131,-68.667,7,Canada,Atlantic_Highlands
48.213,-65.852,2,Canada,Atlantic_Highlands
48.215,-79.052,13,Canada,Boreal_Shield
48.233,-71.25,15,Canada,Boreal_Shield
48.248,-69.638,19,Canada,Boreal_Shield
48.25,5,0,France,Marine biome
48.267,-68.864,21,Canada,Atlantic_Highlands
48.267,4.75,1,France,Marine biome
48.285,-69.389,0,Canada,Estuary
48.285,-68.87,4,Canada,Atlantic_Highlands
48.29,-68.406,34,Canada,Atlantic_Highlands
48.333,5.167,0,France,Marine biome
48.358,-68.153,7,Canada,Atlantic_Highlands
48.359,-4.552,0,,in situ Sea Water
48.359,4.552,34,France,Marine biome
48.41,-71.79,1,Canada,Boreal_Shield
48.417,5.333,1,France,Marine biome
48.417,5.5,19,France,Marine biome
48.437,-123.522,1,,Pacific Maritime
48.448,-123.529,1,,Pacific Maritime
48.6,-67.82,4,Canada,Atlantic_Highlands
48.61,-67.796,3,Canada,Atlantic_Highlands
48.648,-53.729,3,,Boreal_Shield
48.674,-67.735,26,Canada,Atlantic_Highlands
48.714,-64.769,59,Canada,Atlantic_Highlands
48.715,-123.614,29,,Pacific Maritime
48.778,-3.938,0,,marine biome
48.8,-123.662,8,,Pacific Maritime
48.802,-123.704,0,,Pacific Maritime
48.908,-123.721,5,,Pacific Maritime
48.95,-55.693,9,,Boreal_Shield
48.972,-54.63,1,,Boreal_Shield
48.987,-74.067,7,Canada,Boreal_Shield
48.991,-74.028,57,Canada,Boreal_Shield
49,-68,11,Canada,estuary
49.002,-40.003,0,,
49.003,-100.066,3,,Praires
49.008,-122.352,10,,Pacific Maritime
49.011,-113.456,26,,Praires
49.045,-122.311,10,,Pacific Maritime
49.062,-100.142,3,,Praires
49.068,-112.719,2,,Praires
49.07,-123.812,17,,Pacific Maritime
49.093,-67.283,0,Canada,Estuary
49.112,-81.035,8,Canada,Boreal_Shield
49.187,-80.971,5,Canada,Boreal_Shield
49.204,-124.014,26,,Pacific Maritime
49.215,-124.055,4,,Pacific Maritime
49.218,-105.852,16,,Praires
49.231,-124.061,10,,Pacific Maritime
49.231,-95.682,2,,Boreal_Shield
49.236,-122.972,6,,Pacific Maritime
49.243,-122.946,7,,Pacific Maritime
49.289,-119.582,46,,Semi_Arid_Plateau
49.289,-119.532,5,,Semi_Arid_Plateau
49.303,-119.571,3,,Semi_Arid_Plateau
49.32,-99.545,9,,Praires
49.338,-90.272,5,,Boreal_Shield
49.41,-119.585,5,,Semi_Arid_Plateau
49.427,-99.435,7,,Praires
49.443,-122.02,10,,Pacific Maritime
49.478,-147.405,0,,
49.56,-124.814,3,,Pacific Maritime
49.637,-125.018,24,,Pacific Maritime
49.638,-5.502,0,,
49.647,-124.023,3,,Pacific Maritime
49.667,-110.296,15,,Praires
49.674,-93.763,11,,Boreal_Shield
49.676,-117.658,11,,Montane Cordillera
49.688,-93.689,3,,Boreal_Shield
49.689,-93.748,10,,Boreal_Shield
49.69,-93.717,2,,Boreal_Shield
49.695,-124.508,13,,Pacific Maritime
49.698,-93.709,0,,Boreal_Shield
49.711,-83.685,1,,Boreal_Shield
49.715,-119.923,7,,Semi_Arid_Plateau
49.722,-42.447,40,,ocean_biome
49.744,-93.8,4,,Boreal_Shield
49.772,-102.459,2,,Praires
49.788,-94.464,4,,Boreal_Shield
49.814,-102.397,11,,Praires
49.829,-119.839,10,,Semi_Arid_Plateau
49.84,-102.426,11,,Praires
49.857,-119.612,1,,Semi_Arid_Plateau
49.874,-75.67,23,Canada,Boreal_Shield
49.895,-120.31,7,,Semi_Arid_Plateau
49.897,-120.564,4,,Semi_Arid_Plateau
49.915,-120.277,12,,Semi_Arid_Plateau
49.986,-107.935,13,,Praires
50.029,-4.337,0,,
50.034,-74.217,4,Canada,Boreal_Shield
50.07,-124.851,0,,
50.11,-108.497,7,,Praires
50.114,-122.981,3,,Pacific Maritime
50.148,-91.648,1,,Boreal_Shield
50.15,-120.238,16,,Semi_Arid_Plateau
50.151,-122.932,8,,Pacific Maritime
50.151,-4.13,0,,ENVO: 01000023
50.166,-120.528,8,,Semi_Arid_Plateau
50.173,-119.327,7,,Semi_Arid_Plateau
50.199,-125.678,12,,Pacific Maritime
50.202,-120.056,2,,Semi-Arid Plateaux
50.205,-66.179,13,Canada,Boreal_Shield
50.211,-103.588,5,,Praires
50.216,-122.491,4,,Pacific Maritime
50.25,-4.217,0,,
50.318,-119.256,2,,Semi_Arid_Plateau
50.379,-68.804,30,Canada,Boreal_Shield
50.389,-100.626,11,,Praires
50.393,-109.488,3,,Praires
50.401,-91.254,0,,Boreal_Shield
50.403,-121.085,12,,Semi-Arid Plateaux
50.412,-119.25,27,,Semi_Arid_Plateau
50.45,-127.401,0,,Pacific Maritime
50.47,-97.65,4,,Praires
50.472,-120.152,2,,Semi_Arid_Plateau
50.474,-97.41,4,,Boreal_Plains
50.486,-120.507,2,,Semi-Arid Plateaux
50.497,-99.688,3,,Boreal_Plains
50.51,-126.498,0,,
50.523,-99.844,1,,Boreal_Plains
50.537,-119.5,14,,Semi_Arid_Plateau
50.543,-106.012,10,,Praires
50.544,-120.141,0,,Semi_Arid_Plateau
50.571,-100.191,0,,Boreal_Plains
50.594,-119.64,12,,Semi_Arid_Plateau
50.621,-120.05,4,,Semi_Arid_Plateau
50.644,-122.402,0,,Semi-Arid Plateaux
50.714,-1.464,3,United Kingdom,Aquatic (formerly temperate forest)
50.718,-71.766,16,Canada,Boreal_Shield
50.859,-121.053,2,,Semi-Arid Plateaux
50.877,-119.314,4,,Semi_Arid_Plateau
50.889,-98.313,4,,Boreal_Plains
50.903,-98.036,4,,Boreal_Plains
51,-43,0,,
51.008,-101.106,1,,Boreal_Plains
51.087,-56.861,7,,Boreal_Shield
51.097,-120.341,30,,Semi-Arid Plateaux
51.15,-101.08,10,,Boreal_Plains
51.186,2.702,0,,Marine environment
51.27,2.905,1,,Marine environment
51.278,2.614,0,,Marine environment
51.305,23.366,6260,,
51.307,2.849,0,,Marine environment
51.314,-127.868,0,,
51.316,-102.877,26,,Praires
51.335,2.502,0,,Marine environment
51.361,3.119,2,,Marine environment
51.375,3.218,0,,Marine environment
51.435,2.811,0,,Marine environment
51.441,3.14,0,,Marine environment
51.458,2.35,3,,Marine environment
51.472,3.059,0,,Marine environment
51.474,-123.888,14,,Montane Cordillera
51.482,2.452,0,,Marine environment
51.487,-112.123,11,,Praires
51.58,2.79,0,,Marine environment
51.591,-113.753,18,,Praires
51.683,2.415,0,,Marine environment
51.688,-113.555,3,,Praires
51.734,-121.352,23,,Montane Cordillera
51.742,-8.311,2,,ENVO:00000447
51.748,2.698,0,,Marine environment
51.796,1.013,0,,marine biome
51.833,-120.389,3,,Montane Cordillera
51.835,-0.215,30,United Kingdom,Water
52.001,-122.173,10,,Montane Cordillera
52.003,-108.784,5,,Praires
52.012,-125.008,9,,Montane Cordillera
52.119,-122.075,0,,Montane Cordillera
52.174,0.139,479,,
52.245,-103.947,1,,Praires
52.32,-109.95,10,,Praires
52.34,-125.205,7,,Montane Cordillera
52.378,-105.126,9,,Praires
52.38,-1.56,40,United Kingdom,Small lake biome
52.398,-98.913,1,,Boreal_Plains
52.414,-56.016,30,,Boreal_Shield
52.474,-128.471,0,,
52.489,-107.407,3,,Praires
52.638,-109.898,10,,Praires
52.645,-103.307,2,,Boreal_Plains
52.67,-109.212,1,,Praires
52.672,-105.272,4,,Boreal_Plains
52.708,-109.791,65,,Praires
52.722,-105.209,8,,Boreal_Plains
52.739,-109.653,1,,Praires
52.802,-106.263,1,,Praires
52.844,-108.859,14,,Praires
52.856,-105.447,3,,Boreal_Plains
52.913,-107.879,4,,Praires
52.949,-122.421,21,,Montane Cordillera
52.96,0.93,17,United Kingdom,Saltmarsh
52.965,0.926,45,United Kingdom,marine salt marsh biome ENVO:01000022
52.979,-107.814,9,,Praires
52.996,-45.995,0,,
53.035,-122.626,2,,Montane Cordillera
53.037,-108.279,16,,Praires
53.089,-107.237,7,,Boreal_Plains
53.11,-111.699,2,,Praires
53.152,13.023,0,Germany,sediment
53.184,-106.845,5,,Boreal_Plains
53.189,-107.659,4,,Boreal_Plains
53.225,-4.159,0,,Surface Water
53.256,-112.912,5,,Praires
53.382,-1.489,0,United Kingdom,aquatic
53.417,-112.912,9,,Praires
53.428,-124.546,4,,Montane Cordillera
53.449,-116.78,4,,Boreal_Plains
53.463,-113.228,24,,Praires
53.49,6.14,4,Netherlands,Microbial Mat Material
53.544,-114.582,8,,Boreal_Plains
53.544,-109.095,0,,Boreal_Plains
53.56,-114.321,8,,Boreal_Plains
53.581,8.149,0,,ENVO:00000447
53.599,-124.889,4,,Montane Cordillera
53.608,-123.489,3,,Montane Cordillera
53.624,-113.955,11,,Boreal Plains
53.683,-116.27,20,,Boreal_Plains
53.81,-125.914,13,,Montane Cordillera
53.875,-124.755,6,,Montane Cordillera
53.924,-107.703,20,,Boreal_Plains
53.938,-125.907,8,,Montane Cordillera
53.94,-114.321,5,,Boreal_Plains
53.958,-124.192,2,,Montane Cordillera
53.966,-111.293,5,,Boreal_Plains
53.978,-125.898,5,,Montane Cordillera
54.008,-123.136,1,,Montane Cordillera
54.018,-114.349,0,,Boreal_Plains
54.036,-125.04,2,,Montane Cordillera
54.051,-124.777,6,,Montane Cordillera
54.064,-123.008,2,,Montane Cordillera
54.077,-125.758,0,,Montane Cordillera
54.144,-111.5,0,,Boreal_Plains
54.182,7.9,0,North Sea,freshwater algal bloom
54.186,-125.429,11,,Montane Cordillera
54.21,-130.148,8,,Pacific Maritime
54.242,-125.062,1,,Montane Cordillera
54.269,7.187,0,,
54.286,-104.64,9,,Boreal_Plains
54.317,-130.564,0,,
54.37,-101.457,6,,Boreal_Plains
54.381,-128.56,9,,Pacific Maritime
54.399,-126.023,12,,Montane Cordillera
54.483,-112.754,10,,Boreal_Plains
54.574,-123.808,17,,Montane Cordillera
54.623,-113.124,4,,Boreal_Plains
54.646,-111.652,0,,Boreal_Plains
54.657,-126.925,0,,Montane Cordillera
54.794,-111.909,8,,Boreal_Plains
54.833,10,0,,ENVO:00000447
54.847,-112.509,18,,Boreal_Plains
54.935,-127.554,0,,Pacific Maritime
54.994,-108.344,17,,Boreal_Plains
55,3,0,North Sea,marine biome
55.004,-48.998,0,,
55.033,-1.433,0,,marine biome
55.061,-114.017,5,,Boreal_Plains
55.121,-125.197,2,,Montane Cordillera
55.132,-124.482,1,,Montane Cordillera
55.14,-118.862,24,,Boreal_Plains
55.218,-119.091,11,,Boreal Plains
55.446,-129.354,21,,Pacific Maritime
55.446,-129.335,19,,Pacific Maritime
55.455,-129.37,13,,Pacific Maritime
55.487,-98.05,0,,Boreal_Shield
55.512,-119.584,9,Canada,parkland
55.629,-118.528,9,,Boreal Plains
55.699,37.582,0,,enrichment culture from haloalkaline lake
55.824,-130.155,2,,
55.871,-117.174,1,,Boreal_Plains
55.893,-98.996,10,,Boreal_Shield
56.241,-117.735,9,,Boreal Plains
56.334,-120.962,1,Canada,Parkland
56.463,-111.162,5,,Boreal Plains
56.639,-100.233,3,,Boreal_Shield
56.931,17.061,27,Baltic Sea,Brackish water
56.963,-2.103,0,,seawater
57.214,19.509,468,,
57.292,-111.239,3,,Boreal Plains
57.644,-133.757,0,,
57.85,-5.65,0,,This is a filtered seawater sample
58.214,-135.274,0,,
58.216,-129.837,0,,Boreal Cordillera
58.4,14.6,0,Sweden,freshwater biome ENVO:00000873
58.43,-130.001,10,,Boreal Cordillera
58.55,-136.059,0,,
58.6,18.2,8,Baltic Sea,marine biome ENVO:00000447
58.722,-135.987,0,,
58.92,-136.946,0,,
58.935,-129.955,9,,Boreal Cordillera
58.948,5.679,0,North Sea,Seawater
58.957,-2.973,0,,Seawater
59.3,-129.276,1,,Boreal Cordillera
59.42,18.25,0,Sweden,freshwater biome ENVO:00000873
59.535,-112.217,1,,Taiga Plains
59.622,10.628,0,,ENVO:00000447 marine biome
59.703,-133.608,4,,Boreal Cordillera
59.75,17.6,1,Sweden,freshwater biome ENVO:00000873
59.762,-133.773,1,,Boreal Cordillera
59.798,24.779,1,,
59.799,-122.523,15,,Taiga Plains
59.816,10.599,0,,ENVO:00000447 marine biome
59.882,23.254,0,,marine pelagic biome
59.9,10.72,0,,ENVO:00000447 marine biome
59.912,10.758,201,Norway,drinking water
59.944,-111.854,51,,Taiga Plains
59.979,-127.558,44,,Boreal Cordillera
60.063,-128.68,1,,Boreal Cordillera
60.064,-128.699,12,,Boreal Cordillera
60.064,-116.848,33,,Taiga Plains
60.08,-128.746,29,,Boreal Cordillera
60.108,-128.807,2,,Boreal Cordillera
60.125,-130.927,2,,Boreal Cordillera
60.143,-1.282,0,,ENVO:00000447
60.161,5.115,4,,Atlantic ocean
60.323,-137.016,7,,Boreal Cordillera
60.385,4.968,0,Norway,Oil drilling waste recycling plant
60.45,-134.265,190,,Boreal Cordillera
60.48,-137.011,6,,Boreal Cordillera
60.537,-114.568,4,,Taiga Plains
60.597,-116.263,30,,Taiga Plains
60.721,-114.996,19,,Taiga Plains
60.813,-114.59,30,,Taiga Plains
60.817,-137.448,8,,Boreal Cordillera
60.836,-116.657,10,,Taiga Plains
61.04,25.08,300,,
61.456,-130.241,3,,Boreal Cordillera
61.891,-116.542,9,,Taiga Plains
61.92,25.75,48,,Freshwater
61.931,-116.52,0,,Taiga Plains
61.935,-132.522,3,,Boreal Cordillera
61.999,-116.33,10,,Taiga Plains
62.187,-134.685,0,,Boreal Cordillera
62.256,-140.668,0,,Boreal Cordillera
62.556,-116.433,19,,Taiga Plains
63.433,10.383,27,,Marine biome
63.659,26.042,0,Finland,Subsurface
63.686,-136.162,2,,Boreal Cordillera
63.81,-137.894,0,,Boreal Cordillera
63.822,20.348,0,Sweden,freshwater lake biome
64.208,-22.015,0,,ENV:00000447
64.65,-138.392,20,,Taiga Cordillera
64.735,-138.365,5,,Taiga Cordillera
64.848,-138.347,10,,Taiga Cordillera
65.43,-168.57,0,USA: Alaska,
65.489,-18.061,0,,ENVO:00000039
65.706,-18.118,1,,ENVO:00000039
65.817,-18.102,0,,ENVO:00000039
65.945,-22.419,0,,ENV:00000447
66.007,-18.196,0,,ENVO:00000039
66.008,-18.195,2,,ENVO:00000039
66.132,-18.79,0,,ENVO:00000039
67.333,-134.844,5,,Taiga Plains
67.35,-134.923,6,,Taiga Plains
67.382,-134.041,51,,Taiga Plains
67.418,-133.923,17,,Taiga Plains
67.432,-134.852,4,,Taiga Plains
67.443,-134.512,7,,Taiga Plains
67.468,-133.764,4,,Taiga Plains
67.47,-134.721,11,,Taiga Plains
68.233,-133.44,12,,Taiga Plains
68.335,-133.68,8,,Taiga Plains
68.344,-133.706,7,,Taiga Plains
68.351,-133.709,2,,Taiga Plains
69.023,-105.343,0,,ENVO:00000447
71,6,0,Norway,Hydrothermal vent
71.039,-123.911,2,Arctic Ocean,Ocean biome ENVO:01000048
71.997,-162.496,0,Arctic Ocean,marine biome
72.027,-162.541,0,,marine biome
72.47,-164.53,6,Arctic Ocean: Chukchi Sea,
72.798,-159.624,0,Arctic Ocean,marine biome
72.8,-159.616,0,Arctic Ocean,marine biome
72.999,-158.846,1,Arctic Ocean,marine biome
73,-158.745,0,,marine biome
74.31,-20.304,0,,ENVO:00000447
76.501,-149.509,0,,marine biome
76.536,-173.095,0,,marine biome
77.007,-148.837,0,,marine biome
77.144,26.521,108,,
77.448,-147.871,0,Arctic Ocean,marine biome
78.166,-147.861,0,,marine biome
78.174,-147.833,0,Arctic Ocean,marine biome
78.453,-2.83,0,,ENVO:00000447
78.9,18.017,0,Norway,freshwater biome
78.907,7.767,32,,ENVO:01000048
78.924,11.91,0,North Sea,Seawater
78.975,9.485,1,,ENVO:01000048
79.014,12.475,0,Svalbard,snow
79.052,11.108,2,,ENVO:01000048
79.076,-90.212,0,,Arctic soil
79.077,-90.211,0,,Arctic soil
80.126,22.153,0,,ENVO:01000048
80.715,7.986,12,Arctic Ocean,ENVO:01000048
81.508,21.85,76,,ENVO:01000048
82.438,15.205,58,Arctic Ocean,ENVO:01000048
82.504,-149.79,2,Arctic Ocean,marine biome
83.167,22.294,24,Arctic Ocean,ENVO:01000048
83.714,-174.211,81,,marine biome
83.755,-174.817,42,,marine biome
85,-150,0,,marine biome
85.16,-149.972,0,Arctic Ocean,marine biome
85.723,-150.609,1,Arctic Ocean,marine biome
87.53,-180,44,,marine biome
87.586,-178.927,56,,marine biome
87.772,-148.894,0,Arctic Ocean,marine biome
88.407,-176.761,1,Arctic Ocean,marine biome
89.99,-89.252,0,Arctic Ocean,marine biome
